Model,Accuracy,ePercentage,hPercentage,blankPercentage
First_Network,0.6299450397491455,0.3547486033519553,0.4505844845908608,0.8144225920322743
